"Total_Industries","Avg_Emission","Max_Emission","Min_Emission","Std_Deviation"
1016,0.38601378016320503,10.98900032043457,0.013000000268220901,0.5698454089327227
